# ID(s) interactor A,ID(s) interactor B,Alt. ID(s) interactor A,Alt. ID(s) interactor B,Alias(es) interactor A,Alias(es) interactor B,Interaction detection method(s),Publication 1st author(s),Publication Identifier(s),Taxid interactor A,Taxid interactor B,Interaction type(s),Source database(s),Interaction identifier(s),Confidence value(s),Expansion method(s),Biological role(s) interactor A,Biological role(s) interactor B,Experimental role(s) interactor A,Experimental role(s) interactor B,Type(s) interactor A,Type(s) interactor B,Xref(s) interactor A,Xref(s) interactor B,Interaction Xref(s),Annotation(s) interactor A,Annotation(s) interactor B,Interaction annotation(s),Host organism(s),Interaction parameter(s),Creation date,Update date,Checksum(s) interactor A,Checksum(s) interactor B,Interaction Checksum(s),Negative,Feature(s) interactor A,Feature(s) interactor B,Stoichiometry(s) interactor A,Stoichiometry(s) interactor B,Identification method participant A,Identification method participant B
uniprotkb:Q16661,uniprotkb:P10082,uniprotkb:Q52LV0|ensembl:ENSP00000361662.1|intact:EBI-12349759|uniprotkb:Q16661,uniprotkb:Q5U5Q6|uniprotkb:Q6FGH8|ensembl:ENSP00000353198.1|ensembl:ENSP00000509262.1|intact:EBI-6655667|uniprotkb:P10082,psi-mi:guc2b_human(display_short)|psi-mi:Guanylate cyclase activator 2B(display_long)|uniprotkb:GUCA2B(gene name),psi-mi:pyy_human(display_short)|psi-mi:Peptide YY(display_long)|uniprotkb:PYY-I(gene name synonym)|uniprotkb:Peptide tyrosine tyrosine(gene name synonym)|uniprotkb:PYY(gene name),"psi-mi:""MI:0007""(anti tag coimmunoprecipitation)",Huttlin EL. et al.(2021),intact:EBI-27103963|doi:10.1016/j.cell.2021.04.011|pubmed:33961781|imex:IM-29278,taxid:9606(human)|taxid:9606(Homo sapiens),taxid:9606(human)|taxid:9606(Homo sapiens),"psi-mi:""MI:0915""(physical association)","psi-mi:""MI:0469""(European Bioinformatics Institute)",intact:EBI-54748448|imex:IM-29278-11043,intact-miscore:0.4,-,"psi-mi:""MI:0499""(unspecified role)","psi-mi:""MI:0499""(unspecified role)","psi-mi:""MI:0496""(bait)","psi-mi:""MI:0498""(prey)","psi-mi:""MI:0326""(protein)","psi-mi:""MI:0326""(protein)","panther:PTHR11318(orthology-group)|ensembl:ENSG00000044012.4(gene)|ensembl:ENST00000372581.2(transcript)|go:""GO:0002023""|go:""GO:0005576""|go:""GO:0007589""|go:""GO:0009749""|go:""GO:0019934""|go:""GO:0030250""|go:""GO:0035264""|go:""GO:0042593""|go:""GO:0045776""|go:""GO:0060612""|go:""GO:0070062""|go:""GO:0070294""|iedb:2006949(see-also)|iedb:936921(see-also)|interpro:IPR000879|interpro:IPR036382|rcsb pdb:1UYA|rcsb pdb:1UYB|reactome:R-HSA-8935690|refseq:NP_009033.1|entrezgene/locuslink:2981(author identifier)","ensembl:ENSG00000131096.11(gene)|ensembl:ENST00000360085.6(transcript)|ensembl:ENST00000692052.1(transcript)|go:""GO:0001664""|go:""GO:0005179""|go:""GO:0005184""|go:""GO:0005576""|go:""GO:0005615""|go:""GO:0007218""|go:""GO:0007631""|go:""GO:0031841""|go:""GO:0060575""|iedb:1097232(see-also)|iedb:2229958(see-also)|iedb:832437(see-also)|interpro:IPR001955|interpro:IPR020392|mint:P10082|rcsb pdb:2DEZ|rcsb pdb:2DF0|rcsb pdb:2L60|rcsb pdb:2NA5|rcsb pdb:7RT9|rcsb pdb:7YON|reactome:R-HSA-375276|reactome:R-HSA-418594|refseq:NP_001380957.1|refseq:NP_001380958.1|refseq:NP_004151.4|refseq:XP_011523337.1|panther:PTHR10533(orthology-group)|entrezgene/locuslink:5697(author identifier)",complex portal:CPX-12981(see-also),-,-,figure legend:Supplementary table 1|full coverage:Only protein-protein interactions,taxid:9606(human-293t)|taxid:9606(Homo sapiens HEK293T embryonic kidney cell),-,2024/05/10,2024/11/14,crc64:AA3030BC3D4EE412,crc64:C166B73412E356B1,-,-,tandem tag:c-c,-,0,0,"psi-mi:""MI:0102""(sequence tag identification)","psi-mi:""MI:0102""(sequence tag identification)"
uniprotkb:P25929,uniprotkb:P10082,uniprotkb:B2R6H5|ensembl:ENSP00000354652.2|intact:EBI-372227|uniprotkb:P25929,uniprotkb:Q5U5Q6|uniprotkb:Q6FGH8|ensembl:ENSP00000353198.1|ensembl:ENSP00000509262.1|intact:EBI-6655667|uniprotkb:P10082,psi-mi:npy1r_human(display_short)|psi-mi:Neuropeptide Y receptor type 1(display_long)|uniprotkb:Npy1r(gene name)|uniprotkb:NPYY1(gene name synonym)|uniprotkb:NPYR(gene name synonym),psi-mi:pyy_human(display_short)|psi-mi:Peptide YY(display_long)|uniprotkb:PYY-I(gene name synonym)|uniprotkb:Peptide tyrosine tyrosine(gene name synonym)|uniprotkb:PYY(gene name),"psi-mi:""MI:0099""(scintillation proximity assay)",Bono F. et al.(2013),intact:EBI-6621888|pubmed:23597562|imex:IM-20536,taxid:9606(human)|taxid:9606(Homo sapiens),taxid:9606(human)|taxid:9606(Homo sapiens),"psi-mi:""MI:0915""(physical association)","psi-mi:""MI:0469""(European Bioinformatics Institute)",intact:EBI-6655641|imex:IM-20536-38,intact-miscore:0.4,"psi-mi:""MI:1060""(spoke expansion)","psi-mi:""MI:0499""(unspecified role)","psi-mi:""MI:0499""(unspecified role)","psi-mi:""MI:0496""(bait)","psi-mi:""MI:0498""(prey)","psi-mi:""MI:0326""(protein)","psi-mi:""MI:0326""(protein)","panther:PTHR24235(orthology-group)|refseq:XP_054206095.1|rcsb pdb:7VGX|rcsb pdb:7X9A|ensembl:ENSG00000164128.7(gene)|ensembl:ENST00000296533.3(transcript)|go:""GO:0001601""|go:""GO:0001602""|go:""GO:0003151""|go:""GO:0004983""|go:""GO:0005886""|go:""GO:0006006""|go:""GO:0007187""|go:""GO:0007193""|go:""GO:0007626""|go:""GO:0007631""|go:""GO:0008188""|go:""GO:0008217""|go:""GO:0019233""|go:""GO:0040014""|go:""GO:0042923""|go:""GO:0043005""|iedb:1078844(see-also)|iedb:1106575(see-also)|iedb:1355495(see-also)|iedb:1361689(see-also)|iedb:1547887(see-also)|iedb:1932229(see-also)|iedb:456142(see-also)|iedb:622448(see-also)|iedb:916891(see-also)|interpro:IPR000276|interpro:IPR000351|interpro:IPR000611|interpro:IPR017452|rcsb pdb:5ZBQ|rcsb pdb:8K6M|rcsb pdb:8K6O|reactome:R-HSA-375276|reactome:R-HSA-418594|refseq:NP_000900.1|refseq:XP_005263088.1|refseq:XP_011530312.1|refseq:XP_054206094.1","ensembl:ENSG00000131096.11(gene)|ensembl:ENST00000360085.6(transcript)|ensembl:ENST00000692052.1(transcript)|go:""GO:0001664""|go:""GO:0005179""|go:""GO:0005184""|go:""GO:0005576""|go:""GO:0005615""|go:""GO:0007218""|go:""GO:0007631""|go:""GO:0031841""|go:""GO:0060575""|iedb:1097232(see-also)|iedb:2229958(see-also)|iedb:832437(see-also)|interpro:IPR001955|interpro:IPR020392|mint:P10082|rcsb pdb:2DEZ|rcsb pdb:2DF0|rcsb pdb:2L60|rcsb pdb:2NA5|rcsb pdb:7RT9|rcsb pdb:7YON|reactome:R-HSA-375276|reactome:R-HSA-418594|refseq:NP_001380957.1|refseq:NP_001380958.1|refseq:NP_004151.4|refseq:XP_011523337.1|panther:PTHR10533(orthology-group)",,-,-,figure legend:Table S2-77|full coverage:Only protein-protein interactions,taxid:-1(in vitro)|taxid:-1(In vitro),"ic50:""0.7199999999999999733546474089962430298328399658203125x10^(-9)""(molar)",2013/04/24,2024/11/14,crc64:582B0DDB04490316,crc64:C166B73412E356B1,-,-,-,125i radiolabel:?-?,0,0,"psi-mi:""MI:0421""(identification by antibody)","psi-mi:""MI:0421""(identification by antibody)"
uniprotkb:P49146,uniprotkb:P10082,uniprotkb:Q13281|uniprotkb:Q13457|uniprotkb:Q4W5G7|uniprotkb:Q6AZZ6|uniprotkb:Q9UE67|ensembl:ENSP00000332591.3|ensembl:ENSP00000426366.1|intact:EBI-6655721|uniprotkb:P49146,uniprotkb:Q5U5Q6|uniprotkb:Q6FGH8|ensembl:ENSP00000353198.1|ensembl:ENSP00000509262.1|intact:EBI-6655667|uniprotkb:P10082,psi-mi:npy2r_human(display_short)|psi-mi:Neuropeptide Y receptor type 2(display_long)|uniprotkb:NPY2R(gene name)|uniprotkb:NPY-Y2 receptor(gene name synonym),psi-mi:pyy_human(display_short)|psi-mi:Peptide YY(display_long)|uniprotkb:PYY-I(gene name synonym)|uniprotkb:Peptide tyrosine tyrosine(gene name synonym)|uniprotkb:PYY(gene name),"psi-mi:""MI:0099""(scintillation proximity assay)",Bono F. et al.(2013),intact:EBI-6621888|pubmed:23597562|imex:IM-20536,taxid:9606(human)|taxid:9606(Homo sapiens),taxid:9606(human)|taxid:9606(Homo sapiens),"psi-mi:""MI:0915""(physical association)","psi-mi:""MI:0469""(European Bioinformatics Institute)",intact:EBI-6655749|imex:IM-20536-41,intact-miscore:0.4,"psi-mi:""MI:1060""(spoke expansion)","psi-mi:""MI:0499""(unspecified role)","psi-mi:""MI:0499""(unspecified role)","psi-mi:""MI:0496""(bait)","psi-mi:""MI:0498""(prey)","psi-mi:""MI:0326""(protein)","psi-mi:""MI:0326""(protein)","panther:PTHR24235(orthology-group)|refseq:XP_005263091.1|refseq:XP_005263090.1|refseq:NP_001362399.1|refseq:NP_001357109.1|refseq:NP_000901.1|reactome:R-HSA-418594|reactome:R-HSA-375276|rcsb pdb:8K6N|rcsb pdb:7YOO|rcsb pdb:7YON|ensembl:ENSG00000185149.6(gene)|ensembl:ENST00000329476.4(transcript)|ensembl:ENST00000506608.1(transcript)|go:""GO:0001601""|go:""GO:0001662""|go:""GO:0002793""|go:""GO:0003151""|go:""GO:0003214""|go:""GO:0004983""|go:""GO:0005246""|go:""GO:0005886""|go:""GO:0005929""|go:""GO:0007193""|go:""GO:0007204""|go:""GO:0007263""|go:""GO:0007626""|go:""GO:0010811""|go:""GO:0031645""|go:""GO:0033603""|go:""GO:0038023""|go:""GO:0045987""|go:""GO:0046010""|go:""GO:0051048""|go:""GO:0051967""|go:""GO:0090394""|go:""GO:0097730""|go:""GO:0098793""|go:""GO:0098978""|go:""GO:0099538""|go:""GO:0141162""|go:""GO:2000252""|iedb:2018995(see-also)|interpro:IPR000276|interpro:IPR000611|interpro:IPR001358|interpro:IPR017452|rcsb pdb:7X9B","ensembl:ENSG00000131096.11(gene)|ensembl:ENST00000360085.6(transcript)|ensembl:ENST00000692052.1(transcript)|go:""GO:0001664""|go:""GO:0005179""|go:""GO:0005184""|go:""GO:0005576""|go:""GO:0005615""|go:""GO:0007218""|go:""GO:0007631""|go:""GO:0031841""|go:""GO:0060575""|iedb:1097232(see-also)|iedb:2229958(see-also)|iedb:832437(see-also)|interpro:IPR001955|interpro:IPR020392|mint:P10082|rcsb pdb:2DEZ|rcsb pdb:2DF0|rcsb pdb:2L60|rcsb pdb:2NA5|rcsb pdb:7RT9|rcsb pdb:7YON|reactome:R-HSA-375276|reactome:R-HSA-418594|refseq:NP_001380957.1|refseq:NP_001380958.1|refseq:NP_004151.4|refseq:XP_011523337.1|panther:PTHR10533(orthology-group)",,-,-,figure legend:Table S2-79b|full coverage:Only protein-protein interactions,taxid:-1(in vitro)|taxid:-1(In vitro),"ic50:""0.270000000000000017763568394002504646778106689453125x10^(-9)""(molar)",2013/04/24,2024/11/14,crc64:7D018C0169597BC7,crc64:C166B73412E356B1,-,-,-,125i radiolabel:?-?,0,0,"psi-mi:""MI:0421""(identification by antibody)","psi-mi:""MI:0421""(identification by antibody)"
uniprotkb:P49146,uniprotkb:P10082,uniprotkb:Q13281|uniprotkb:Q13457|uniprotkb:Q4W5G7|uniprotkb:Q6AZZ6|uniprotkb:Q9UE67|ensembl:ENSP00000332591.3|ensembl:ENSP00000426366.1|intact:EBI-6655721|uniprotkb:P49146,uniprotkb:Q5U5Q6|uniprotkb:Q6FGH8|ensembl:ENSP00000353198.1|ensembl:ENSP00000509262.1|intact:EBI-6655667|uniprotkb:P10082,psi-mi:npy2r_human(display_short)|psi-mi:Neuropeptide Y receptor type 2(display_long)|uniprotkb:NPY2R(gene name)|uniprotkb:NPY-Y2 receptor(gene name synonym),psi-mi:pyy_human(display_short)|psi-mi:Peptide YY(display_long)|uniprotkb:PYY-I(gene name synonym)|uniprotkb:Peptide tyrosine tyrosine(gene name synonym)|uniprotkb:PYY(gene name),"psi-mi:""MI:0099""(scintillation proximity assay)",Bono F. et al.(2013),intact:EBI-6621888|pubmed:23597562|imex:IM-20536,taxid:9606(human)|taxid:9606(Homo sapiens),taxid:9606(human)|taxid:9606(Homo sapiens),"psi-mi:""MI:0915""(physical association)","psi-mi:""MI:0469""(European Bioinformatics Institute)",intact:EBI-6655758|imex:IM-20536-42,intact-miscore:0.4,-,"psi-mi:""MI:0499""(unspecified role)","psi-mi:""MI:0499""(unspecified role)","psi-mi:""MI:0496""(bait)","psi-mi:""MI:0498""(prey)","psi-mi:""MI:0326""(protein)","psi-mi:""MI:0326""(protein)","panther:PTHR24235(orthology-group)|refseq:XP_005263091.1|refseq:XP_005263090.1|refseq:NP_001362399.1|refseq:NP_001357109.1|refseq:NP_000901.1|reactome:R-HSA-418594|reactome:R-HSA-375276|rcsb pdb:8K6N|rcsb pdb:7YOO|rcsb pdb:7YON|ensembl:ENSG00000185149.6(gene)|ensembl:ENST00000329476.4(transcript)|ensembl:ENST00000506608.1(transcript)|go:""GO:0001601""|go:""GO:0001662""|go:""GO:0002793""|go:""GO:0003151""|go:""GO:0003214""|go:""GO:0004983""|go:""GO:0005246""|go:""GO:0005886""|go:""GO:0005929""|go:""GO:0007193""|go:""GO:0007204""|go:""GO:0007263""|go:""GO:0007626""|go:""GO:0010811""|go:""GO:0031645""|go:""GO:0033603""|go:""GO:0038023""|go:""GO:0045987""|go:""GO:0046010""|go:""GO:0051048""|go:""GO:0051967""|go:""GO:0090394""|go:""GO:0097730""|go:""GO:0098793""|go:""GO:0098978""|go:""GO:0099538""|go:""GO:0141162""|go:""GO:2000252""|iedb:2018995(see-also)|interpro:IPR000276|interpro:IPR000611|interpro:IPR001358|interpro:IPR017452|rcsb pdb:7X9B","ensembl:ENSG00000131096.11(gene)|ensembl:ENST00000360085.6(transcript)|ensembl:ENST00000692052.1(transcript)|go:""GO:0001664""|go:""GO:0005179""|go:""GO:0005184""|go:""GO:0005576""|go:""GO:0005615""|go:""GO:0007218""|go:""GO:0007631""|go:""GO:0031841""|go:""GO:0060575""|iedb:1097232(see-also)|iedb:2229958(see-also)|iedb:832437(see-also)|interpro:IPR001955|interpro:IPR020392|mint:P10082|rcsb pdb:2DEZ|rcsb pdb:2DF0|rcsb pdb:2L60|rcsb pdb:2NA5|rcsb pdb:7RT9|rcsb pdb:7YON|reactome:R-HSA-375276|reactome:R-HSA-418594|refseq:NP_001380957.1|refseq:NP_001380958.1|refseq:NP_004151.4|refseq:XP_011523337.1|panther:PTHR10533(orthology-group)",,-,-,figure legend:Table S2-80|full coverage:Only protein-protein interactions,taxid:-1(in vitro)|taxid:-1(In vitro),-,2013/04/24,2024/11/14,crc64:7D018C0169597BC7,crc64:C166B73412E356B1,-,-,-,125i radiolabel:?-?,0,0,"psi-mi:""MI:0421""(identification by antibody)","psi-mi:""MI:0421""(identification by antibody)"
uniprotkb:Q12884,uniprotkb:P10082,uniprotkb:O00199|uniprotkb:Q53TP5|uniprotkb:Q86Z29|uniprotkb:Q99998|uniprotkb:Q9UID4|ensembl:ENSP00000188790.4|intact:EBI-4319803|uniprotkb:Q12884,uniprotkb:Q5U5Q6|uniprotkb:Q6FGH8|ensembl:ENSP00000353198.1|ensembl:ENSP00000509262.1|intact:EBI-6655667|uniprotkb:P10082,psi-mi:sepr_human(display_short)|psi-mi:Prolyl endopeptidase FAP(display_long)|uniprotkb:FAP(gene name)|uniprotkb:Surface-expressed protease(gene name synonym)|uniprotkb:Serine integral membrane protease(gene name synonym)|uniprotkb:Post-proline cleaving enzyme(gene name synonym)|uniprotkb:Gelatine degradation protease FAP(gene name synonym)|uniprotkb:Dipeptidyl peptidase FAP(gene name synonym)|uniprotkb:Fibroblast activation protein alpha(gene name synonym)|uniprotkb:170 kDa melanoma membrane-bound gelatinase(gene name synonym)|uniprotkb:Integral membrane serine protease(gene name synonym)|MINT:FAP (author assigned name),psi-mi:pyy_human(display_short)|psi-mi:Peptide YY(display_long)|uniprotkb:PYY-I(gene name synonym)|uniprotkb:Peptide tyrosine tyrosine(gene name synonym)|uniprotkb:PYY(gene name)|MINT:PYY(author assigned name),"psi-mi:""MI:0435""(protease assay)",Keane FM. et al.(2011),intact:EBI-8588499|mint:fj-10-1113.r1|doi:10.1111/j.1742-4658.2011.08051|mint:MINT-8090508|pubmed:21314817|mint:MINT-8090457,taxid:9606(human)|taxid:9606(Homo sapiens),taxid:9606(human)|taxid:9606(Homo sapiens),"psi-mi:""MI:0194""(cleavage reaction)","psi-mi:""MI:0471""(MINT, Dpt of Biology, University of Rome Tor Vergata)",intact:EBI-8588697|mint:MINT-8090673,intact-miscore:0.44,-,"psi-mi:""MI:0501""(enzyme)","psi-mi:""MI:0502""(enzyme target)","psi-mi:""MI:0499""(unspecified role)","psi-mi:""MI:0497""(neutral component)","psi-mi:""MI:0326""(protein)","psi-mi:""MI:0326""(protein)","refseq:NP_004451.2|refseq:NP_001278736.1|rcsb pdb:9DVR|rcsb pdb:9DVQ|rcsb pdb:6Y0F|rcsb pdb:1Z68|mint:Q12884|interpro:IPR050278|interpro:IPR029058|interpro:IPR002471|interpro:IPR002469|interpro:IPR001375|iedb:562899(see-also)|iedb:480551(see-also)|iedb:475778(see-also)|iedb:428238(see-also)|iedb:2260469(see-also)|iedb:2068632(see-also)|iedb:2041313(see-also)|iedb:2000925(see-also)|iedb:1995921(see-also)|iedb:1994073(see-also)|iedb:1994071(see-also)|iedb:1978343(see-also)|iedb:1978041(see-also)|iedb:1623794(see-also)|iedb:1616798(see-also)|iedb:1616797(see-also)|iedb:1613123(see-also)|iedb:1607849(see-also)|iedb:1607848(see-also)|iedb:1604901(see-also)|iedb:1603294(see-also)|iedb:1598330(see-also)|iedb:1598329(see-also)|iedb:1598328(see-also)|iedb:1154536(see-also)|iedb:1111296(see-also)|iedb:1006288(see-also)|panther:PTHR11731(orthology-group)|ensembl:ENSG00000078098.15(gene)|ensembl:ENST00000188790.9(transcript)|go:""GO:0001525""|go:""GO:0002020""|go:""GO:0004175""|go:""GO:0004252""|go:""GO:0005178""|go:""GO:0005615""|go:""GO:0005737""|go:""GO:0005886""|go:""GO:0005925""|go:""GO:0006508""|go:""GO:0007155""|go:""GO:0008233""|go:""GO:0008236""|go:""GO:0008239""|go:""GO:0009986""|go:""GO:0010710""|go:""GO:0010716""|go:""GO:0016020""|go:""GO:0030027""|go:""GO:0031258""|go:""GO:0032587""|go:""GO:0042802""|go:""GO:0042803""|go:""GO:0043542""|go:""GO:0045177""|go:""GO:0045178""|go:""GO:0051603""|go:""GO:0051726""|go:""GO:0051917""|go:""GO:0060244""|go:""GO:0097325""|go:""GO:1900119""|go:""GO:1902362""|go:""GO:1903054""|go:""GO:1905368""|mint:MINT-8090675(identity)","ensembl:ENSG00000131096.11(gene)|ensembl:ENST00000360085.6(transcript)|ensembl:ENST00000692052.1(transcript)|go:""GO:0001664""|go:""GO:0005179""|go:""GO:0005184""|go:""GO:0005576""|go:""GO:0005615""|go:""GO:0007218""|go:""GO:0007631""|go:""GO:0031841""|go:""GO:0060575""|iedb:1097232(see-also)|iedb:2229958(see-also)|iedb:832437(see-also)|interpro:IPR001955|interpro:IPR020392|mint:P10082|rcsb pdb:2DEZ|rcsb pdb:2DF0|rcsb pdb:2L60|rcsb pdb:2NA5|rcsb pdb:7RT9|rcsb pdb:7YON|reactome:R-HSA-375276|reactome:R-HSA-418594|refseq:NP_001380957.1|refseq:NP_001380958.1|refseq:NP_004151.4|refseq:XP_011523337.1|panther:PTHR10533(orthology-group)|mint:MINT-8090679(identity)",-,-,-,figure legend:t1 t2 f3|comment:mint|comment:homomint|,taxid:-1(in vitro)|taxid:-1(In vitro),-,2013/08/22,2026/01/11,crc64:7FF817B5A4F75142,crc64:C166B73412E356B1,-,-,binding-associated region:?-?,binding-associated region:29-64,0,0,"psi-mi:""MI:0396""(predetermined participant)","psi-mi:""MI:0396""(predetermined participant)|psi-mi:""MI:0427""(Identification by mass spectrometry)"
uniprotkb:P10082,uniprotkb:Q6UX71,uniprotkb:Q5U5Q6|uniprotkb:Q6FGH8|ensembl:ENSP00000353198.1|ensembl:ENSP00000509262.1|intact:EBI-6655667|uniprotkb:P10082,uniprotkb:Q96E59|uniprotkb:Q96PD9|uniprotkb:Q96SU9|ensembl:ENSP00000366460.3|intact:EBI-6115410|uniprotkb:Q6UX71,psi-mi:pyy_human(display_short)|psi-mi:Peptide YY(display_long)|uniprotkb:PYY-I(gene name synonym)|uniprotkb:Peptide tyrosine tyrosine(gene name synonym)|uniprotkb:PYY(gene name),psi-mi:pxdc2_human(display_short)|psi-mi:Plexin domain-containing protein 2(display_long)|uniprotkb:PLXDC2(gene name)|uniprotkb:UNQ2514/PRO6003(orf name)|uniprotkb:Tumor endothelial marker 7-related protein(gene name synonym)|uniprotkb:TEM7R(gene name synonym),"psi-mi:""MI:0007""(anti tag coimmunoprecipitation)",Huttlin EL. et al.(2021),intact:EBI-27103963|doi:10.1016/j.cell.2021.04.011|pubmed:33961781|imex:IM-29278,taxid:9606(human)|taxid:9606(Homo sapiens),taxid:9606(human)|taxid:9606(Homo sapiens),"psi-mi:""MI:0914""(association)","psi-mi:""MI:0469""(European Bioinformatics Institute)",intact:EBI-54793089|imex:IM-29278-16205,intact-miscore:0.35,"psi-mi:""MI:1060""(spoke expansion)","psi-mi:""MI:0499""(unspecified role)","psi-mi:""MI:0499""(unspecified role)","psi-mi:""MI:0496""(bait)","psi-mi:""MI:0498""(prey)","psi-mi:""MI:0326""(protein)","psi-mi:""MI:0326""(protein)","ensembl:ENSG00000131096.11(gene)|ensembl:ENST00000360085.6(transcript)|ensembl:ENST00000692052.1(transcript)|go:""GO:0001664""|go:""GO:0005179""|go:""GO:0005184""|go:""GO:0005576""|go:""GO:0005615""|go:""GO:0007218""|go:""GO:0007631""|go:""GO:0031841""|go:""GO:0060575""|iedb:1097232(see-also)|iedb:2229958(see-also)|iedb:832437(see-also)|interpro:IPR001955|interpro:IPR020392|mint:P10082|rcsb pdb:2DEZ|rcsb pdb:2DF0|rcsb pdb:2L60|rcsb pdb:2NA5|rcsb pdb:7RT9|rcsb pdb:7YON|reactome:R-HSA-375276|reactome:R-HSA-418594|refseq:NP_001380957.1|refseq:NP_001380958.1|refseq:NP_004151.4|refseq:XP_011523337.1|panther:PTHR10533(orthology-group)|entrezgene/locuslink:5697(author identifier)","panther:PTHR13055(orthology-group)|dip:DIP-46251N|refseq:NP_116201.7|refseq:NP_001269665.1|mint:Q6UX71|interpro:IPR031152|interpro:IPR016201|interpro:IPR002165|iedb:936431(see-also)|iedb:885636(see-also)|iedb:879377(see-also)|iedb:878269(see-also)|iedb:875429(see-also)|iedb:775065(see-also)|iedb:771852(see-also)|iedb:728402(see-also)|iedb:550600(see-also)|iedb:488666(see-also)|iedb:488151(see-also)|iedb:486894(see-also)|iedb:450249(see-also)|iedb:443043(see-also)|iedb:2054002(see-also)|ensembl:ENSG00000120594.17(gene)|ensembl:ENST00000377252.5(transcript)|go:""GO:0016020""|iedb:1088781(see-also)|iedb:1091033(see-also)|iedb:1091493(see-also)|iedb:1097292(see-also)|iedb:1115820(see-also)|iedb:1124204(see-also)|iedb:120017(see-also)|iedb:1265722(see-also)|iedb:1304043(see-also)|iedb:1350909(see-also)|iedb:1378533(see-also)|iedb:1386067(see-also)|iedb:1387008(see-also)|iedb:152750(see-also)|iedb:152855(see-also)|iedb:1615047(see-also)|iedb:1623828(see-also)|iedb:1857272(see-also)|iedb:1857551(see-also)|iedb:1860655(see-also)|iedb:1860656(see-also)|iedb:1864829(see-also)|iedb:1867444(see-also)|iedb:1879994(see-also)|iedb:1991856(see-also)|iedb:2008983(see-also)|iedb:2008984(see-also)|iedb:2014986(see-also)|iedb:2028050(see-also)|iedb:2031673(see-also)|iedb:2031674(see-also)|iedb:2031675(see-also)|iedb:2036267(see-also)|iedb:2038255(see-also)|iedb:2038256(see-also)|iedb:2041972(see-also)|iedb:2043812(see-also)|entrezgene/locuslink:84898(author identifier)",,-,-,figure legend:Supplementary table 1|full coverage:Only protein-protein interactions,taxid:9606(human-293t)|taxid:9606(Homo sapiens HEK293T embryonic kidney cell),-,2024/05/10,2026/01/11,crc64:C166B73412E356B1,crc64:CCE911D6DF837B40,-,-,tandem tag:c-c,-,0,0,"psi-mi:""MI:0102""(sequence tag identification)","psi-mi:""MI:0102""(sequence tag identification)"
uniprotkb:P10082,uniprotkb:Q9H0C5,uniprotkb:Q5U5Q6|uniprotkb:Q6FGH8|ensembl:ENSP00000353198.1|ensembl:ENSP00000509262.1|intact:EBI-6655667|uniprotkb:P10082,uniprotkb:A6NMI8|uniprotkb:Q9BX71|uniprotkb:Q9NWN4|ensembl:ENSP00000261721.4|intact:EBI-935503|uniprotkb:Q9H0C5,psi-mi:pyy_human(display_short)|psi-mi:Peptide YY(display_long)|uniprotkb:PYY-I(gene name synonym)|uniprotkb:Peptide tyrosine tyrosine(gene name synonym)|uniprotkb:PYY(gene name),psi-mi:btbd1_human(display_short)|psi-mi:BTB/POZ domain-containing protein 1(display_long)|uniprotkb:BTBD1(gene name)|uniprotkb:NS5ATP8(gene name synonym)|uniprotkb:Hepatitis C virus NS5A-transactivated protein 8(gene name synonym)|uniprotkb:C15orf1(gene name synonym),"psi-mi:""MI:0007""(anti tag coimmunoprecipitation)",Huttlin EL. et al.(2021),intact:EBI-27103963|doi:10.1016/j.cell.2021.04.011|pubmed:33961781|imex:IM-29278,taxid:9606(human)|taxid:9606(Homo sapiens),taxid:9606(human)|taxid:9606(Homo sapiens),"psi-mi:""MI:0914""(association)","psi-mi:""MI:0469""(European Bioinformatics Institute)",intact:EBI-54793089|imex:IM-29278-16205,intact-miscore:0.35,"psi-mi:""MI:1060""(spoke expansion)","psi-mi:""MI:0499""(unspecified role)","psi-mi:""MI:0499""(unspecified role)","psi-mi:""MI:0496""(bait)","psi-mi:""MI:0498""(prey)","psi-mi:""MI:0326""(protein)","psi-mi:""MI:0326""(protein)","ensembl:ENSG00000131096.11(gene)|ensembl:ENST00000360085.6(transcript)|ensembl:ENST00000692052.1(transcript)|go:""GO:0001664""|go:""GO:0005179""|go:""GO:0005184""|go:""GO:0005576""|go:""GO:0005615""|go:""GO:0007218""|go:""GO:0007631""|go:""GO:0031841""|go:""GO:0060575""|iedb:1097232(see-also)|iedb:2229958(see-also)|iedb:832437(see-also)|interpro:IPR001955|interpro:IPR020392|mint:P10082|rcsb pdb:2DEZ|rcsb pdb:2DF0|rcsb pdb:2L60|rcsb pdb:2NA5|rcsb pdb:7RT9|rcsb pdb:7YON|reactome:R-HSA-375276|reactome:R-HSA-418594|refseq:NP_001380957.1|refseq:NP_001380958.1|refseq:NP_004151.4|refseq:XP_011523337.1|panther:PTHR10533(orthology-group)|entrezgene/locuslink:5697(author identifier)","panther:PTHR45774(orthology-group)|refseq:NP_079514.1|refseq:NP_001011885.1|reactome:R-HSA-983168|reactome:R-HSA-8951664|mint:Q9H0C5|interpro:IPR038648|interpro:IPR012983|interpro:IPR011705|interpro:IPR011333|interpro:IPR000210|iedb:998397(see-also)|iedb:997345(see-also)|iedb:961762(see-also)|iedb:949285(see-also)|iedb:936120(see-also)|iedb:911009(see-also)|iedb:904849(see-also)|iedb:904848(see-also)|iedb:901541(see-also)|iedb:878616(see-also)|iedb:775089(see-also)|iedb:722034(see-also)|iedb:716680(see-also)|iedb:706729(see-also)|iedb:704870(see-also)|iedb:652336(see-also)|iedb:625057(see-also)|iedb:618550(see-also)|iedb:612840(see-also)|iedb:609003(see-also)|iedb:607915(see-also)|iedb:594365(see-also)|iedb:594364(see-also)|iedb:594343(see-also)|iedb:579676(see-also)|iedb:577765(see-also)|iedb:576609(see-also)|iedb:574348(see-also)|iedb:547978(see-also)|ensembl:ENSG00000064726.10(gene)|ensembl:ENST00000261721.9(transcript)|go:""GO:0000932""|go:""GO:0005654""|go:""GO:0005829""|go:""GO:0007517""|go:""GO:0016567""|go:""GO:0022008""|go:""GO:0032991""|go:""GO:0036464""|go:""GO:0042802""|go:""GO:0043393""|go:""GO:0097602""|iedb:1027694(see-also)|iedb:1039795(see-also)|iedb:1324628(see-also)|iedb:1349067(see-also)|iedb:1361507(see-also)|iedb:1373419(see-also)|iedb:1374943(see-also)|iedb:1573411(see-also)|iedb:1585521(see-also)|iedb:1590437(see-also)|iedb:2065273(see-also)|iedb:2072312(see-also)|iedb:2228825(see-also)|iedb:223966(see-also)|iedb:426420(see-also)|iedb:439127(see-also)|iedb:441078(see-also)|iedb:443968(see-also)|iedb:445232(see-also)|iedb:447239(see-also)|iedb:447398(see-also)|iedb:458046(see-also)|iedb:458112(see-also)|iedb:490402(see-also)|iedb:490794(see-also)|iedb:494356(see-also)|iedb:543822(see-also)|entrezgene/locuslink:53339(author identifier)",,-,-,figure legend:Supplementary table 1|full coverage:Only protein-protein interactions,taxid:9606(human-293t)|taxid:9606(Homo sapiens HEK293T embryonic kidney cell),-,2024/05/10,2026/01/11,crc64:C166B73412E356B1,crc64:525A49E01728AFF0,-,-,tandem tag:c-c,-,0,0,"psi-mi:""MI:0102""(sequence tag identification)","psi-mi:""MI:0102""(sequence tag identification)"
uniprotkb:P10082,uniprotkb:Q9NQH7,uniprotkb:Q5U5Q6|uniprotkb:Q6FGH8|ensembl:ENSP00000353198.1|ensembl:ENSP00000509262.1|intact:EBI-6655667|uniprotkb:P10082,uniprotkb:Q6I9V9|uniprotkb:Q8NDA6|uniprotkb:Q9BV27|uniprotkb:Q9BVH0|ensembl:ENSP00000349658.4|uniprotkb:B7Z790|uniprotkb:B7Z7B2|uniprotkb:B2R9G1|intact:EBI-2562323|intact:EBI-1171467|uniprotkb:Q9NQH7,psi-mi:pyy_human(display_short)|psi-mi:Peptide YY(display_long)|uniprotkb:PYY-I(gene name synonym)|uniprotkb:Peptide tyrosine tyrosine(gene name synonym)|uniprotkb:PYY(gene name),psi-mi:xpp3_human(display_short)|psi-mi:Xaa-Pro aminopeptidase 3(display_long)|uniprotkb:XPNPEP3(gene name)|uniprotkb:Aminopeptidase P3(gene name synonym),"psi-mi:""MI:0007""(anti tag coimmunoprecipitation)",Huttlin EL. et al.(2021),intact:EBI-27103963|doi:10.1016/j.cell.2021.04.011|pubmed:33961781|imex:IM-29278,taxid:9606(human)|taxid:9606(Homo sapiens),taxid:9606(human)|taxid:9606(Homo sapiens),"psi-mi:""MI:0914""(association)","psi-mi:""MI:0469""(European Bioinformatics Institute)",intact:EBI-54793089|imex:IM-29278-16205,intact-miscore:0.35,"psi-mi:""MI:1060""(spoke expansion)","psi-mi:""MI:0499""(unspecified role)","psi-mi:""MI:0499""(unspecified role)","psi-mi:""MI:0496""(bait)","psi-mi:""MI:0498""(prey)","psi-mi:""MI:0326""(protein)","psi-mi:""MI:0326""(protein)","ensembl:ENSG00000131096.11(gene)|ensembl:ENST00000360085.6(transcript)|ensembl:ENST00000692052.1(transcript)|go:""GO:0001664""|go:""GO:0005179""|go:""GO:0005184""|go:""GO:0005576""|go:""GO:0005615""|go:""GO:0007218""|go:""GO:0007631""|go:""GO:0031841""|go:""GO:0060575""|iedb:1097232(see-also)|iedb:2229958(see-also)|iedb:832437(see-also)|interpro:IPR001955|interpro:IPR020392|mint:P10082|rcsb pdb:2DEZ|rcsb pdb:2DF0|rcsb pdb:2L60|rcsb pdb:2NA5|rcsb pdb:7RT9|rcsb pdb:7YON|reactome:R-HSA-375276|reactome:R-HSA-418594|refseq:NP_001380957.1|refseq:NP_001380958.1|refseq:NP_004151.4|refseq:XP_011523337.1|panther:PTHR10533(orthology-group)|entrezgene/locuslink:5697(author identifier)","efo:""Orphanet:93589""|panther:PTHR43226(orthology-group)|refseq:NP_071381.1|rcsb pdb:5X49|mint:Q9NQH7|interpro:IPR052433|interpro:IPR036005|interpro:IPR029149|interpro:IPR007865|interpro:IPR000994|iedb:764996(see-also)|iedb:706133(see-also)|iedb:617993(see-also)|ensembl:ENSG00000196236.13(gene)|ensembl:ENST00000357137.9(transcript)|go:""GO:0003094""|go:""GO:0004177""|go:""GO:0005737""|go:""GO:0005739""|go:""GO:0005829""|go:""GO:0006508""|go:""GO:0016485""|go:""GO:0030145""|go:""GO:0042803""|go:""GO:0070006""|iedb:1062891(see-also)|iedb:1323105(see-also)|iedb:1336963(see-also)|iedb:1734596(see-also)|iedb:1734597(see-also)|iedb:1734599(see-also)|iedb:1758566(see-also)|iedb:1758567(see-also)|iedb:1759051(see-also)|iedb:1799486(see-also)|iedb:1803742(see-also)|iedb:1813648(see-also)|iedb:1825887(see-also)|iedb:1831161(see-also)|iedb:1831162(see-also)|iedb:1831164(see-also)|iedb:1836953(see-also)|iedb:1846544(see-also)|iedb:1852081(see-also)|iedb:1852083(see-also)|iedb:1852085(see-also)|iedb:481511(see-also)|iedb:506918(see-also)|entrezgene/locuslink:63929(author identifier)",,-,-,figure legend:Supplementary table 1|full coverage:Only protein-protein interactions,taxid:9606(human-293t)|taxid:9606(Homo sapiens HEK293T embryonic kidney cell),-,2024/05/10,2026/01/11,crc64:C166B73412E356B1,crc64:82D886736ABD0B5B,-,-,tandem tag:c-c,-,0,0,"psi-mi:""MI:0102""(sequence tag identification)","psi-mi:""MI:0102""(sequence tag identification)"
uniprotkb:P10082,uniprotkb:Q9UHP3,uniprotkb:Q5U5Q6|uniprotkb:Q6FGH8|ensembl:ENSP00000353198.1|ensembl:ENSP00000509262.1|intact:EBI-6655667|uniprotkb:P10082,uniprotkb:Q9H9W1|uniprotkb:Q6DHZ9|uniprotkb:C0LSZ0|ensembl:ENSP00000285679.6|intact:EBI-2513462|uniprotkb:Q9UHP3,psi-mi:pyy_human(display_short)|psi-mi:Peptide YY(display_long)|uniprotkb:PYY-I(gene name synonym)|uniprotkb:Peptide tyrosine tyrosine(gene name synonym)|uniprotkb:PYY(gene name),psi-mi:ubp25_human(display_short)|psi-mi:Ubiquitin carboxyl-terminal hydrolase 25(display_long)|uniprotkb:USP25(gene name)|uniprotkb:Ubiquitin thioesterase 25(gene name synonym)|uniprotkb:USP on chromosome 21(gene name synonym)|uniprotkb:Deubiquitinating enzyme 25(gene name synonym)|uniprotkb:Ubiquitin-specific-processing protease 25(gene name synonym)|uniprotkb:USP21(gene name synonym),"psi-mi:""MI:0007""(anti tag coimmunoprecipitation)",Huttlin EL. et al.(2021),intact:EBI-27103963|doi:10.1016/j.cell.2021.04.011|pubmed:33961781|imex:IM-29278,taxid:9606(human)|taxid:9606(Homo sapiens),taxid:9606(human)|taxid:9606(Homo sapiens),"psi-mi:""MI:0914""(association)","psi-mi:""MI:0469""(European Bioinformatics Institute)",intact:EBI-54793089|imex:IM-29278-16205,intact-miscore:0.35,"psi-mi:""MI:1060""(spoke expansion)","psi-mi:""MI:0499""(unspecified role)","psi-mi:""MI:0499""(unspecified role)","psi-mi:""MI:0496""(bait)","psi-mi:""MI:0498""(prey)","psi-mi:""MI:0326""(protein)","psi-mi:""MI:0326""(protein)","ensembl:ENSG00000131096.11(gene)|ensembl:ENST00000360085.6(transcript)|ensembl:ENST00000692052.1(transcript)|go:""GO:0001664""|go:""GO:0005179""|go:""GO:0005184""|go:""GO:0005576""|go:""GO:0005615""|go:""GO:0007218""|go:""GO:0007631""|go:""GO:0031841""|go:""GO:0060575""|iedb:1097232(see-also)|iedb:2229958(see-also)|iedb:832437(see-also)|interpro:IPR001955|interpro:IPR020392|mint:P10082|rcsb pdb:2DEZ|rcsb pdb:2DF0|rcsb pdb:2L60|rcsb pdb:2NA5|rcsb pdb:7RT9|rcsb pdb:7YON|reactome:R-HSA-375276|reactome:R-HSA-418594|refseq:NP_001380957.1|refseq:NP_001380958.1|refseq:NP_004151.4|refseq:XP_011523337.1|panther:PTHR10533(orthology-group)|entrezgene/locuslink:5697(author identifier)","refseq:NP_037528.3|refseq:NP_001269971.1|refseq:NP_001269970.1|reactome:R-HSA-5689880|rcsb pdb:6HEM|rcsb pdb:6HEL|rcsb pdb:6H4K|rcsb pdb:6H4J|rcsb pdb:5O71|rcsb pdb:5GP7|rcsb pdb:2MUX|mint:Q9UHP3|interpro:IPR054109|interpro:IPR054108|interpro:IPR050164|interpro:IPR038765|interpro:IPR028889|interpro:IPR018200|interpro:IPR009060|interpro:IPR003903|interpro:IPR001394|iedb:992231(see-also)|iedb:987070(see-also)|iedb:959224(see-also)|iedb:929557(see-also)|iedb:880339(see-also)|iedb:877069(see-also)|iedb:875369(see-also)|iedb:875350(see-also)|iedb:734261(see-also)|iedb:726303(see-also)|iedb:681477(see-also)|iedb:673772(see-also)|iedb:504879(see-also)|iedb:482053(see-also)|iedb:455565(see-also)|iedb:454605(see-also)|iedb:454381(see-also)|iedb:453086(see-also)|iedb:452536(see-also)|iedb:431972(see-also)|iedb:2263588(see-also)|iedb:2142610(see-also)|panther:PTHR24006(orthology-group)|ensembl:ENSG00000155313.16(gene)|ensembl:ENST00000285679.10(transcript)|go:""GO:0004843""|go:""GO:0005634""|go:""GO:0005737""|go:""GO:0005783""|go:""GO:0005829""|go:""GO:0006508""|go:""GO:0008233""|go:""GO:0016579""|go:""GO:0019783""|go:""GO:0031625""|go:""GO:0031647""|go:""GO:0032183""|go:""GO:0036211""|go:""GO:0043130""|go:""GO:0051117""|go:""GO:0070536""|go:""GO:0071108""|go:""GO:0101005""|go:""GO:1902883""|go:""GO:1903882""|go:""GO:1904293""|iedb:1019082(see-also)|iedb:1024443(see-also)|iedb:1044018(see-also)|iedb:1062343(see-also)|iedb:1091764(see-also)|iedb:1107652(see-also)|iedb:1159402(see-also)|iedb:1399614(see-also)|iedb:1399618(see-also)|iedb:1587009(see-also)|iedb:1910514(see-also)|iedb:1925006(see-also)|iedb:1973174(see-also)|iedb:1980952(see-also)|iedb:2027675(see-also)|iedb:2059651(see-also)|entrezgene/locuslink:29761(author identifier)",,-,-,figure legend:Supplementary table 1|full coverage:Only protein-protein interactions,taxid:9606(human-293t)|taxid:9606(Homo sapiens HEK293T embryonic kidney cell),-,2024/05/10,2026/01/11,crc64:C166B73412E356B1,crc64:0B9CECDCAD619CF2,-,-,tandem tag:c-c,-,0,0,"psi-mi:""MI:0102""(sequence tag identification)","psi-mi:""MI:0102""(sequence tag identification)"
uniprotkb:P10082,uniprotkb:P25929,uniprotkb:Q5U5Q6|uniprotkb:Q6FGH8|ensembl:ENSP00000353198.1|ensembl:ENSP00000509262.1|intact:EBI-6655667|uniprotkb:P10082,uniprotkb:B2R6H5|ensembl:ENSP00000354652.2|intact:EBI-372227|uniprotkb:P25929,psi-mi:pyy_human(display_short)|psi-mi:Peptide YY(display_long)|uniprotkb:PYY-I(gene name synonym)|uniprotkb:Peptide tyrosine tyrosine(gene name synonym)|uniprotkb:PYY(gene name),psi-mi:npy1r_human(display_short)|psi-mi:Neuropeptide Y receptor type 1(display_long)|uniprotkb:Npy1r(gene name)|uniprotkb:NPYY1(gene name synonym)|uniprotkb:NPYR(gene name synonym),"psi-mi:""MI:0099""(scintillation proximity assay)",Bono F. et al.(2013),intact:EBI-6621888|pubmed:23597562|imex:IM-20536,taxid:9606(human)|taxid:9606(Homo sapiens),taxid:9606(human)|taxid:9606(Homo sapiens),"psi-mi:""MI:0915""(physical association)","psi-mi:""MI:0469""(European Bioinformatics Institute)",intact:EBI-6655703|imex:IM-20536-40,intact-miscore:0.4,-,"psi-mi:""MI:0499""(unspecified role)","psi-mi:""MI:0499""(unspecified role)","psi-mi:""MI:0498""(prey)","psi-mi:""MI:0496""(bait)","psi-mi:""MI:0326""(protein)","psi-mi:""MI:0326""(protein)","ensembl:ENSG00000131096.11(gene)|ensembl:ENST00000360085.6(transcript)|ensembl:ENST00000692052.1(transcript)|go:""GO:0001664""|go:""GO:0005179""|go:""GO:0005184""|go:""GO:0005576""|go:""GO:0005615""|go:""GO:0007218""|go:""GO:0007631""|go:""GO:0031841""|go:""GO:0060575""|iedb:1097232(see-also)|iedb:2229958(see-also)|iedb:832437(see-also)|interpro:IPR001955|interpro:IPR020392|mint:P10082|rcsb pdb:2DEZ|rcsb pdb:2DF0|rcsb pdb:2L60|rcsb pdb:2NA5|rcsb pdb:7RT9|rcsb pdb:7YON|reactome:R-HSA-375276|reactome:R-HSA-418594|refseq:NP_001380957.1|refseq:NP_001380958.1|refseq:NP_004151.4|refseq:XP_011523337.1|panther:PTHR10533(orthology-group)","panther:PTHR24235(orthology-group)|refseq:XP_054206095.1|rcsb pdb:7VGX|rcsb pdb:7X9A|ensembl:ENSG00000164128.7(gene)|ensembl:ENST00000296533.3(transcript)|go:""GO:0001601""|go:""GO:0001602""|go:""GO:0003151""|go:""GO:0004983""|go:""GO:0005886""|go:""GO:0006006""|go:""GO:0007187""|go:""GO:0007193""|go:""GO:0007626""|go:""GO:0007631""|go:""GO:0008188""|go:""GO:0008217""|go:""GO:0019233""|go:""GO:0040014""|go:""GO:0042923""|go:""GO:0043005""|iedb:1078844(see-also)|iedb:1106575(see-also)|iedb:1355495(see-also)|iedb:1361689(see-also)|iedb:1547887(see-also)|iedb:1932229(see-also)|iedb:456142(see-also)|iedb:622448(see-also)|iedb:916891(see-also)|interpro:IPR000276|interpro:IPR000351|interpro:IPR000611|interpro:IPR017452|rcsb pdb:5ZBQ|rcsb pdb:8K6M|rcsb pdb:8K6O|reactome:R-HSA-375276|reactome:R-HSA-418594|refseq:NP_000900.1|refseq:XP_005263088.1|refseq:XP_011530312.1|refseq:XP_054206094.1",,-,-,figure legend:Table S2-78|full coverage:Only protein-protein interactions,taxid:-1(in vitro)|taxid:-1(In vitro),-,2013/04/24,2024/11/14,crc64:C166B73412E356B1,crc64:582B0DDB04490316,-,-,125i radiolabel:?-?,-,0,0,"psi-mi:""MI:0421""(identification by antibody)","psi-mi:""MI:0421""(identification by antibody)"
uniprotkb:P10082,uniprotkb:P27487,uniprotkb:Q5U5Q6|uniprotkb:Q6FGH8|ensembl:ENSP00000353198.1|ensembl:ENSP00000509262.1|intact:EBI-6655667|uniprotkb:P10082,uniprotkb:Q53TN1|ensembl:ENSP00000353731.3|intact:EBI-2871277|uniprotkb:P27487,psi-mi:pyy_human(display_short)|psi-mi:Peptide YY(display_long)|uniprotkb:PYY-I(gene name synonym)|uniprotkb:Peptide tyrosine tyrosine(gene name synonym)|uniprotkb:PYY(gene name)|MINT:PYY(author assigned name),psi-mi:dpp4_human(display_short)|psi-mi:Dipeptidyl peptidase 4(display_long)|uniprotkb:Dpp4(gene name)|uniprotkb:TP103(gene name synonym)|uniprotkb:T-cell activation antigen CD26(gene name synonym)|uniprotkb:Dipeptidyl peptidase IV(gene name synonym)|uniprotkb:Adenosine deaminase complexing protein 2(gene name synonym)|uniprotkb:ADABP(gene name synonym)|uniprotkb:Cd26(gene name synonym)|uniprotkb:ADCP2(gene name synonym)|MINT:DPP4 (author assigned name),"psi-mi:""MI:0435""(protease assay)",Keane FM. et al.(2011),intact:EBI-8588499|mint:fj-10-1113.r1|doi:10.1111/j.1742-4658.2011.08051|mint:MINT-8090508|pubmed:21314817|mint:MINT-8090457,taxid:9606(human)|taxid:9606(Homo sapiens),taxid:9606(human)|taxid:9606(Homo sapiens),"psi-mi:""MI:0194""(cleavage reaction)","psi-mi:""MI:0471""(MINT, Dpt of Biology, University of Rome Tor Vergata)",intact:EBI-8589004|mint:MINT-8090877,intact-miscore:0.44,-,"psi-mi:""MI:0502""(enzyme target)","psi-mi:""MI:0501""(enzyme)","psi-mi:""MI:0497""(neutral component)","psi-mi:""MI:0499""(unspecified role)","psi-mi:""MI:0326""(protein)","psi-mi:""MI:0326""(protein)","ensembl:ENSG00000131096.11(gene)|ensembl:ENST00000360085.6(transcript)|ensembl:ENST00000692052.1(transcript)|go:""GO:0001664""|go:""GO:0005179""|go:""GO:0005184""|go:""GO:0005576""|go:""GO:0005615""|go:""GO:0007218""|go:""GO:0007631""|go:""GO:0031841""|go:""GO:0060575""|iedb:1097232(see-also)|iedb:2229958(see-also)|iedb:832437(see-also)|interpro:IPR001955|interpro:IPR020392|mint:P10082|rcsb pdb:2DEZ|rcsb pdb:2DF0|rcsb pdb:2L60|rcsb pdb:2NA5|rcsb pdb:7RT9|rcsb pdb:7YON|reactome:R-HSA-375276|reactome:R-HSA-418594|refseq:NP_001380957.1|refseq:NP_001380958.1|refseq:NP_004151.4|refseq:XP_011523337.1|panther:PTHR10533(orthology-group)|mint:MINT-8090883(identity)","panther:PTHR11731(orthology-group)|dip:DIP-351N|refseq:NP_001926.2|reactome:R-HSA-400511|reactome:R-HSA-381771|rcsb pdb:8ZE6|rcsb pdb:8ZDX|rcsb pdb:8WKU|rcsb pdb:6B1O|rcsb pdb:6B1E|rcsb pdb:5ZID|rcsb pdb:5Y7K|rcsb pdb:5Y7J|rcsb pdb:5Y7H|rcsb pdb:5T4H|rcsb pdb:5T4F|rcsb pdb:5T4E|rcsb pdb:5T4B|rcsb pdb:5KBY|rcsb pdb:5J3J|rcsb pdb:5ISM|rcsb pdb:5I7U|rcsb pdb:4QZV|rcsb pdb:4PV7|rcsb pdb:4PNZ|rcsb pdb:4N8E|rcsb pdb:4N8D|rcsb pdb:4LKO|rcsb pdb:4L72|rcsb pdb:4KR0|rcsb pdb:4JH0|rcsb pdb:4J3J|rcsb pdb:4G1F|rcsb pdb:4DTC|rcsb pdb:4DSZ|rcsb pdb:4DSA|rcsb pdb:4A5S|rcsb pdb:3WQH|rcsb pdb:3W2T|rcsb pdb:3VJM|rcsb pdb:3VJL|rcsb pdb:3VJK|rcsb pdb:3SX4|rcsb pdb:3SWW|rcsb pdb:3QBJ|rcsb pdb:3Q8W|rcsb pdb:3Q0T|rcsb pdb:3OPM|rcsb pdb:3OC0|rcsb pdb:3O9V|rcsb pdb:3O95|rcsb pdb:3NOX|rcsb pdb:3KWJ|rcsb pdb:3KWF|rcsb pdb:3HAC|rcsb pdb:3HAB|rcsb pdb:3H0C|rcsb pdb:3G0G|rcsb pdb:3G0D|rcsb pdb:3G0C|rcsb pdb:3G0B|rcsb pdb:3F8S|rcsb pdb:3EIO|rcsb pdb:3D4L|rcsb pdb:3CCC|rcsb pdb:3CCB|rcsb pdb:3C45|rcsb pdb:3C43|rcsb pdb:3BJM|rcsb pdb:2RIP|rcsb pdb:2RGU|rcsb pdb:2QTB|rcsb pdb:2QT9|rcsb pdb:2QOE|rcsb pdb:2QKY|rcsb pdb:2QJR|rcsb pdb:2P8S|rcsb pdb:2OQV|rcsb pdb:2OQI|rcsb pdb:2OPH|rcsb pdb:2ONC|rcsb pdb:2OLE|rcsb pdb:2OGZ|rcsb pdb:2OAG|rcsb pdb:2JID|rcsb pdb:2IIV|rcsb pdb:2IIT|rcsb pdb:2I78|rcsb pdb:2I03|rcsb pdb:2HHA|rcsb pdb:2G63|rcsb pdb:2G5T|rcsb pdb:2G5P|rcsb pdb:2FJP|rcsb pdb:2BUB|rcsb pdb:2BGR|rcsb pdb:2BGN|rcsb pdb:2AJL|rcsb pdb:1X70|rcsb pdb:1WCY|rcsb pdb:1W1I|rcsb pdb:1U8E|rcsb pdb:1TKR|rcsb pdb:1TK3|rcsb pdb:1RWQ|rcsb pdb:1R9N|rcsb pdb:1R9M|rcsb pdb:1PFQ|rcsb pdb:1NU8|rcsb pdb:1NU6|rcsb pdb:1N1M|rcsb pdb:1J2E|mint:P27487|interpro:IPR050278|interpro:IPR029058|interpro:IPR002471|interpro:IPR002469|interpro:IPR001375|iedb:942676(see-also)|iedb:917221(see-also)|iedb:727777(see-also)|iedb:727248(see-also)|iedb:721747(see-also)|iedb:707648(see-also)|iedb:705465(see-also)|iedb:623645(see-also)|iedb:618829(see-also)|iedb:575170(see-also)|iedb:564007(see-also)|iedb:554396(see-also)|iedb:477136(see-also)|iedb:475673(see-also)|iedb:427269(see-also)|iedb:424796(see-also)|iedb:2070774(see-also)|iedb:206829(see-also)|iedb:2047908(see-also)|iedb:2044013(see-also)|iedb:2013411(see-also)|iedb:2009067(see-also)|iedb:2006105(see-also)|iedb:1905357(see-also)|iedb:1904956(see-also)|iedb:1894393(see-also)|iedb:1881512(see-also)|iedb:1881511(see-also)|iedb:1716415(see-also)|iedb:1262511(see-also)|iedb:1262510(see-also)|iedb:1165027(see-also)|iedb:1165026(see-also)|iedb:1161874(see-also)|iedb:1161124(see-also)|iedb:1161123(see-also)|iedb:1144896(see-also)|iedb:1138381(see-also)|iedb:1138380(see-also)|iedb:1126457(see-also)|iedb:1126456(see-also)|iedb:1126455(see-also)|iedb:1124312(see-also)|iedb:1124311(see-also)|iedb:1118156(see-also)|iedb:1110373(see-also)|iedb:1107379(see-also)|go:""GO:0120116""|go:""GO:0090024""|ensembl:ENSG00000197635.11(gene)|ensembl:ENST00000360534.8(transcript)|go:""GO:0001618""|go:""GO:0001662""|go:""GO:0001666""|go:""GO:0002020""|go:""GO:0004177""|go:""GO:0004252""|go:""GO:0005102""|go:""GO:0005576""|go:""GO:0005765""|go:""GO:0005886""|go:""GO:0005925""|go:""GO:0006508""|go:""GO:0007155""|go:""GO:0008236""|go:""GO:0008239""|go:""GO:0008284""|go:""GO:0009986""|go:""GO:0010716""|go:""GO:0016020""|go:""GO:0016324""|go:""GO:0016486""|go:""GO:0019065""|go:""GO:0030027""|go:""GO:0030139""|go:""GO:0031258""|go:""GO:0031295""|go:""GO:0033632""|go:""GO:0035641""|go:""GO:0036343""|go:""GO:0042110""|go:""GO:0042802""|go:""GO:0042803""|go:""GO:0043542""|go:""GO:0045121""|go:""GO:0045499""|go:""GO:0046581""|go:""GO:0046718""|go:""GO:0046813""|go:""GO:0061025""|go:""GO:0070062""|mint:MINT-8090879(identity)",-,-,-,figure legend:t1 t2 f3|comment:mint|comment:homomint|,taxid:-1(in vitro)|taxid:-1(In vitro),-,2013/08/22,2026/01/11,crc64:C166B73412E356B1,crc64:5FB4A2C6662D6117,-,-,binding-associated region:29-64,binding-associated region:39-766,0,0,"psi-mi:""MI:0396""(predetermined participant)|psi-mi:""MI:0427""(Identification by mass spectrometry)","psi-mi:""MI:0396""(predetermined participant)"